<?xml version="1.0" encoding="UTF-8"?>
<project-private xmlns="http://www.netbeans.org/ns/project-private/1">
    <editor-bookmarks xmlns="http://www.netbeans.org/ns/editor-bookmarks/2" lastBookmarkId="0"/>
    <open-files xmlns="http://www.netbeans.org/ns/projectui-open-files/2">
        <group>
            <file>file:/home/luis/NetBeansProjects/ServiceREST/src/java/ucc/Inscripciones.java</file>
            <file>file:/home/luis/NetBeansProjects/ServiceREST/web/index.html</file>
            <file>file:/home/luis/NetBeansProjects/ServiceREST/build/generated-sources/ap-source-output/ucc/Inscripciones_.java</file>
            <file>file:/home/luis/NetBeansProjects/ServiceREST/src/java/ucc/Estudiantes.java</file>
            <file>file:/home/luis/NetBeansProjects/ServiceREST/build/generated-sources/ap-source-output/ucc/Estudiantes_.java</file>
            <file>file:/home/luis/NetBeansProjects/ServiceREST/src/java/ucc/service/EstudiantesFacadeREST.java</file>
            <file>file:/home/luis/NetBeansProjects/ServiceREST/src/java/ucc/service/CursosFacadeREST.java</file>
            <file>file:/home/luis/NetBeansProjects/ServiceREST/src/java/ucc/service/AbstractFacade.java</file>
            <file>file:/home/luis/NetBeansProjects/ServiceREST/src/java/ucc/service/ApplicationConfig.java</file>
            <file>file:/home/luis/NetBeansProjects/ServiceREST/src/java/ucc/service/InscripcionesFacadeREST.java</file>
            <file>file:/home/luis/NetBeansProjects/ServiceREST/build/generated-sources/ap-source-output/ucc/Cursos_.java</file>
            <file>file:/home/luis/NetBeansProjects/ServiceREST/web/WEB-INF/glassfish-resources.xml</file>
            <file>file:/home/luis/NetBeansProjects/ServiceREST/src/conf/persistence.xml</file>
        </group>
    </open-files>
</project-private>
